MatchID,SourceID,SourceRA,SourceDec,XImage,YImage,ImageName,Instrument,Detector,Filter,CI,KronRadius,Flags,Det,fits_path,original_shard_index,is_saturated,shard_index
77434410,4001059408196,32.68350075811711,-51.04816240429093,4049.14111328125,71.18099975585938,hst_10004_01_acs_wfc_f814w,ACS,ACS/WFC,F814W,1.836574077606201,0.17949999868869781,1,Y,/data/user/hst_data_hap_j/10004/01/acs/hst_10004_01_acs_wfc_f814w_j8v301_drc.fits.gz,83,False,0
47484980,4001059408198,32.69066100979255,-51.04710853454451,3725.10205078125,147.3350067138672,hst_10004_01_acs_wfc_f814w,ACS,ACS/WFC,F814W,1.4349074275405318,0.3265000283718109,1,Y,/data/user/hst_data_hap_j/10004/01/acs/hst_10004_01_acs_wfc_f814w_j8v301_drc.fits.gz,80,False,1
102590851,4001059408202,32.69511401751533,-51.044445796758104,3523.673095703125,339.2030029296875,hst_10004_01_acs_wfc_f814w,ACS,ACS/WFC,F814W,1.5842592274701153,0.1899999976158142,1,Y,/data/user/hst_data_hap_j/10004/01/acs/hst_10004_01_acs_wfc_f814w_j8v301_drc.fits.gz,91,False,2
53045466,4001059408206,32.68136338790515,-51.04449889742845,4146.126953125,334.8680114746094,hst_10004_01_acs_wfc_f814w,ACS,ACS/WFC,F814W,1.5928703325766103,0.34200000762939453,1,Y,/data/user/hst_data_hap_j/10004/01/acs/hst_10004_01_acs_wfc_f814w_j8v301_drc.fits.gz,85,False,3
64954622,4001059408207,32.70548343173022,-51.0442787372358,3054.282958984375,351.5350036621094,hst_10004_01_acs_wfc_f814w,ACS,ACS/WFC,F814W,1.6561110814412434,0.3440000116825104,1,Y,/data/user/hst_data_hap_j/10004/01/acs/hst_10004_01_acs_wfc_f814w_j8v301_drc.fits.gz,90,False,4
28748397,4001059408214,32.68971463258569,-51.04359286544879,3768.14111328125,400.42498779296875,hst_10004_01_acs_wfc_f814w,ACS,ACS/WFC,F814W,1.6403703777878371,0.42649999260902405,1,Y,/data/user/hst_data_hap_j/10004/01/acs/hst_10004_01_acs_wfc_f814w_j8v301_drc.fits.gz,81,False,5
42839781,4001059408217,32.71064804470527,-51.04328130158797,2820.52587890625,423.47698974609375,hst_10004_01_acs_wfc_f814w,ACS,ACS/WFC,F814W,1.7976851375014693,0.4270000159740448,1,Y,/data/user/hst_data_hap_j/10004/01/acs/hst_10004_01_acs_wfc_f814w_j8v301_drc.fits.gz,166,False,6
8146054,4001059408230,32.69857272827728,-51.04010647666727,3367.31689453125,651.7410278320312,hst_10004_01_acs_wfc_f814w,ACS,ACS/WFC,F814W,1.9818517896864147,0.21500001847743988,1,Y,/data/user/hst_data_hap_j/10004/01/acs/hst_10004_01_acs_wfc_f814w_j8v301_drc.fits.gz,349,False,7
9827357,4001059408233,32.706731092384054,-51.04084759033302,2997.943115234375,598.6099853515625,hst_10004_01_acs_wfc_f814w,ACS,ACS/WFC,F814W,1.7150000289634422,0.2785000205039978,1,Y,/data/user/hst_data_hap_j/10004/01/acs/hst_10004_01_acs_wfc_f814w_j8v301_drc.fits.gz,180,False,8
10043144,4001059408234,32.71732786386947,-51.04101979535482,2518.2080078125,586.4459838867188,hst_10004_01_acs_wfc_f814w,ACS,ACS/WFC,F814W,1.8396295883037426,0.42649999260902405,1,Y,/data/user/hst_data_hap_j/10004/01/acs/hst_10004_01_acs_wfc_f814w_j8v301_drc.fits.gz,188,False,9
91145816,4001059408239,32.694034281840864,-51.04003538966035,3572.785888671875,656.7150268554688,hst_10004_01_acs_wfc_f814w,ACS,ACS/WFC,F814W,1.2469444009992812,0.20100000500679016,1,Y,/data/user/hst_data_hap_j/10004/01/acs/hst_10004_01_acs_wfc_f814w_j8v301_drc.fits.gz,95,False,10
67644817,4001059408245,32.72743454357576,-51.039648161080336,2060.697998046875,685.364013671875,hst_10004_01_acs_wfc_f814w,ACS,ACS/WFC,F814W,1.4030555884043374,0.20750001072883606,1,Y,/data/user/hst_data_hap_j/10004/01/acs/hst_10004_01_acs_wfc_f814w_j8v301_drc.fits.gz,134,False,11
6271425,4001059408250,32.72193924311306,-51.038954702603256,2309.5009765625,735.2130126953125,hst_10004_01_acs_wfc_f814w,ACS,ACS/WFC,F814W,2.011296263447514,0.33550000190734863,1,Y,/data/user/hst_data_hap_j/10004/01/acs/hst_10004_01_acs_wfc_f814w_j8v301_drc.fits.gz,187,False,12
90512636,4001059408255,32.689101501874525,-51.038477890523254,3796.19189453125,768.6849975585938,hst_10004_01_acs_wfc_f814w,ACS,ACS/WFC,F814W,1.8080555730395846,0.25699999928474426,1,Y,/data/user/hst_data_hap_j/10004/01/acs/hst_10004_01_acs_wfc_f814w_j8v301_drc.fits.gz,97,False,13
104145095,4001059408261,32.73381967910947,-51.0382011714511,1771.64697265625,789.6229858398438,hst_10004_01_acs_wfc_f814w,ACS,ACS/WFC,F814W,1.4737962572662917,0.26649999618530273,1,Y,/data/user/hst_data_hap_j/10004/01/acs/hst_10004_01_acs_wfc_f814w_j8v301_drc.fits.gz,132,False,14
53711928,4001059408265,32.736410284371765,-51.035543305535,1654.3909912109375,981.0050048828125,hst_10004_01_acs_wfc_f814w,ACS,ACS/WFC,F814W,1.7408333442829271,0.3425000011920929,1,Y,/data/user/hst_data_hap_j/10004/01/acs/hst_10004_01_acs_wfc_f814w_j8v301_drc.fits.gz,581,False,15
59844973,4001059408269,32.701581628432585,-51.03661822919713,3231.258056640625,902.9840087890625,hst_10004_01_acs_wfc_f814w,ACS,ACS/WFC,F814W,1.7600925984206022,0.20899999141693115,1,Y,/data/user/hst_data_hap_j/10004/01/acs/hst_10004_01_acs_wfc_f814w_j8v301_drc.fits.gz,350,False,16
23966943,4001059408271,32.69708106543821,-51.03684895299526,3435.009033203125,886.2379760742188,hst_10004_01_acs_wfc_f814w,ACS,ACS/WFC,F814W,1.9443518585628932,0.33399999141693115,1,Y,/data/user/hst_data_hap_j/10004/01/acs/hst_10004_01_acs_wfc_f814w_j8v301_drc.fits.gz,355,False,17
10653370,4001059408276,32.7177039709928,-51.036687401114634,2501.31298828125,898.3870239257812,hst_10004_01_acs_wfc_f814w,ACS,ACS/WFC,F814W,1.4375926167876631,0.26500001549720764,1,Y,/data/user/hst_data_hap_j/10004/01/acs/hst_10004_01_acs_wfc_f814w_j8v301_drc.fits.gz,195,False,18
34185486,4001059408277,32.69159604661298,-51.035764097354296,3683.406005859375,964.1680297851562,hst_10004_01_acs_wfc_f814w,ACS,ACS/WFC,F814W,1.577870382202996,0.18300001323223114,1,Y,/data/user/hst_data_hap_j/10004/01/acs/hst_10004_01_acs_wfc_f814w_j8v301_drc.fits.gz,96,False,19
