subject_id,project_id,workflow_id,subject_set_id,metadata,locations,classifications_count,retired_at,retirement_reason,created_at,updated_at
458021,14993,17619,92123,"{""link"":""https://www.flickr.com/photos/aigle_dore/6672150457"",""origin"":""Flickr"",""license"":""Creative Commons - share adapt attribute"",""image_name"":""6672150457_420d61007d_b.jpg"",""subject_id"":1,""attribution"":""Moyan Brenn""}","{""0"":""https://panoptes-uploads.zooniverse.org/subject_location/5346704c-aadc-4d47-890c-817e43e3b648.jpeg""}",0,,,2015-05-25 21:02:58 UTC,2015-05-25 21:02:58 UTC
458021,14993,17617,92123,"{""link"":""https://www.flickr.com/photos/aigle_dore/6672150457"",""origin"":""Flickr"",""license"":""Creative Commons - share adapt attribute"",""image_name"":""6672150457_420d61007d_b.jpg"",""subject_id"":1,""attribution"":""Moyan Brenn""}","{""0"":""https://panoptes-uploads.zooniverse.org/subject_location/5346704c-aadc-4d47-890c-817e43e3b648.jpeg""}",0,,,2015-05-25 21:02:58 UTC,2015-05-25 21:02:58 UTC
458022,14993,17619,92123,"{""link"":""https://www.flickr.com/photos/aigle_dore/8300920648"",""origin"":""Flickr"",""license"":""Creative Commons - share adapt attribute"",""image_name"":""8300920648_d4a21bba59_z.jpg"",""subject_id"":2,""attribution"":""Moyan Brenn""}","{""0"":""https://panoptes-uploads.zooniverse.org/subject_location/6309ed81-6ca1-4073-ad66-2a194edefc32.jpeg""}",0,,,2015-05-25 21:02:59 UTC,2015-05-25 21:02:59 UTC
458022,14993,17617,92123,"{""link"":""https://www.flickr.com/photos/aigle_dore/8300920648"",""origin"":""Flickr"",""license"":""Creative Commons - share adapt attribute"",""image_name"":""8300920648_d4a21bba59_z.jpg"",""subject_id"":2,""attribution"":""Moyan Brenn""}","{""0"":""https://panoptes-uploads.zooniverse.org/subject_location/6309ed81-6ca1-4073-ad66-2a194edefc32.jpeg""}",0,,,2015-05-25 21:02:59 UTC,2015-05-25 21:02:59 UTC
458023,14993,17619,92123,"{""link"":""https://www.flickr.com/photos/hellie55/6713782851"",""origin"":""Flickr"",""license"":""Creative Commons - share adapt attribute"",""image_name"":""6713782851_82fc8c73e5_z.jpg"",""subject_id"":3,""attribution"":""hehaden""}","{""0"":""https://panoptes-uploads.zooniverse.org/subject_location/6614aa29-6e75-4e2a-af18-d031e60bc2ec.jpeg""}",0,,,2015-05-25 21:03:01 UTC,2015-05-25 21:03:01 UTC
458023,14993,17617,92123,"{""link"":""https://www.flickr.com/photos/hellie55/6713782851"",""origin"":""Flickr"",""license"":""Creative Commons - share adapt attribute"",""image_name"":""6713782851_82fc8c73e5_z.jpg"",""subject_id"":3,""attribution"":""hehaden""}","{""0"":""https://panoptes-uploads.zooniverse.org/subject_location/6614aa29-6e75-4e2a-af18-d031e60bc2ec.jpeg""}",0,,,2015-05-25 21:03:01 UTC,2015-05-25 21:03:01 UTC
458024,14993,17619,92123,"{""link"":""https://www.flickr.com/photos/odoketa/8762013777"",""origin"":""Flickr"",""license"":""Creative Commons - share adapt attribute"",""image_name"":""8762013777_1fa7d91e98_z.jpg"",""subject_id"":4,""attribution"":""David Barber""}","{""0"":""https://panoptes-uploads.zooniverse.org/subject_location/25b892e7-b10f-4d06-a8cf-e6837f6aaa5d.jpeg""}",0,,,2015-05-25 21:03:02 UTC,2015-05-25 21:03:02 UTC
458024,14993,17617,92123,"{""link"":""https://www.flickr.com/photos/odoketa/8762013777"",""origin"":""Flickr"",""license"":""Creative Commons - share adapt attribute"",""image_name"":""8762013777_1fa7d91e98_z.jpg"",""subject_id"":4,""attribution"":""David Barber""}","{""0"":""https://panoptes-uploads.zooniverse.org/subject_location/25b892e7-b10f-4d06-a8cf-e6837f6aaa5d.jpeg""}",0,,,2015-05-25 21:03:02 UTC,2015-05-25 21:03:02 UTC
458025,14993,17619,92123,"{""link"":""https://www.flickr.com/photos/bevgoodwin/8556948660"",""origin"":""Flickr"",""license"":""Creative Commons - share adapt attribute"",""image_name"":""8556948660_807cb1f8db_z.jpg"",""subject_id"":5,""attribution"":""Beverley Goodwin""}","{""0"":""https://panoptes-uploads.zooniverse.org/subject_location/3f804c06-2950-431e-b9a8-ef71defbe7b7.jpeg""}",0,,,2015-05-25 21:03:03 UTC,2015-05-25 21:03:03 UTC
458025,14993,17617,92123,"{""link"":""https://www.flickr.com/photos/bevgoodwin/8556948660"",""origin"":""Flickr"",""license"":""Creative Commons - share adapt attribute"",""image_name"":""8556948660_807cb1f8db_z.jpg"",""subject_id"":5,""attribution"":""Beverley Goodwin""}","{""0"":""https://panoptes-uploads.zooniverse.org/subject_location/3f804c06-2950-431e-b9a8-ef71defbe7b7.jpeg""}",0,,,2015-05-25 21:03:03 UTC,2015-05-25 21:03:03 UTC
458026,14993,17619,92123,"{""link"":""https://www.flickr.com/photos/k23/2378810491"",""origin"":""Flickr"",""license"":""Creative Commons - share adapt attribute"",""image_name"":""2378810491_f8058ce157_z.jpg"",""subject_id"":6,""attribution"":""k23""}","{""0"":""https://panoptes-uploads.zooniverse.org/subject_location/bb9da9fc-40e8-423e-9472-9d7e9887404b.jpeg""}",0,,,2015-05-25 21:03:04 UTC,2015-05-25 21:03:04 UTC
458026,14993,17617,92123,"{""link"":""https://www.flickr.com/photos/k23/2378810491"",""origin"":""Flickr"",""license"":""Creative Commons - share adapt attribute"",""image_name"":""2378810491_f8058ce157_z.jpg"",""subject_id"":6,""attribution"":""k23""}","{""0"":""https://panoptes-uploads.zooniverse.org/subject_location/bb9da9fc-40e8-423e-9472-9d7e9887404b.jpeg""}",0,,,2015-05-25 21:03:04 UTC,2015-05-25 21:03:04 UTC
458027,14993,17619,92123,"{""link"":""https://www.flickr.com/photos/nicolee123nd/5205217308"",""origin"":""Flickr"",""license"":""Creative Commons - share adapt attribute"",""image_name"":""5205217308_de72e18894_z.jpg"",""subject_id"":7,""attribution"":""Nicole Doherty""}","{""0"":""https://panoptes-uploads.zooniverse.org/subject_location/04994745-c713-4c10-807a-a8e115adddec.jpeg""}",0,,,2015-05-25 21:03:06 UTC,2015-05-25 21:03:06 UTC
458027,14993,17617,92123,"{""link"":""https://www.flickr.com/photos/nicolee123nd/5205217308"",""origin"":""Flickr"",""license"":""Creative Commons - share adapt attribute"",""image_name"":""5205217308_de72e18894_z.jpg"",""subject_id"":7,""attribution"":""Nicole Doherty""}","{""0"":""https://panoptes-uploads.zooniverse.org/subject_location/04994745-c713-4c10-807a-a8e115adddec.jpeg""}",0,,,2015-05-25 21:03:06 UTC,2015-05-25 21:03:06 UTC
458028,14993,17619,92123,"{""link"":""https://www.flickr.com/photos/rtv/2875838880"",""origin"":""Flickr"",""license"":""Creative Commons - share adapt attribute"",""image_name"":""2875838880_f671d848e6_z.jpg"",""subject_id"":8,""attribution"":""Robert Parviainen""}","{""0"":""https://panoptes-uploads.zooniverse.org/subject_location/0e87d970-e3e2-40ac-920d-6859a5b9289c.jpeg""}",0,,,2015-05-25 21:03:07 UTC,2015-05-25 21:03:07 UTC
458028,14993,17617,92123,"{""link"":""https://www.flickr.com/photos/rtv/2875838880"",""origin"":""Flickr"",""license"":""Creative Commons - share adapt attribute"",""image_name"":""2875838880_f671d848e6_z.jpg"",""subject_id"":8,""attribution"":""Robert Parviainen""}","{""0"":""https://panoptes-uploads.zooniverse.org/subject_location/0e87d970-e3e2-40ac-920d-6859a5b9289c.jpeg""}",0,,,2015-05-25 21:03:07 UTC,2015-05-25 21:03:07 UTC
458029,14993,17619,92123,"{""link"":""https://www.flickr.com/photos/armydre2008/4079875735"",""origin"":""Flickr"",""license"":""Creative Commons - share adapt attribute"",""image_name"":""4079875735_a4dc53c290_z.jpg"",""subject_id"":9,""attribution"":""frankieleon""}","{""0"":""https://panoptes-uploads.zooniverse.org/subject_location/25c1c5ae-9770-4cc1-9695-f4bc8bb68fc7.jpeg""}",0,,,2015-05-25 21:03:07 UTC,2015-05-25 21:03:07 UTC
458029,14993,17617,92123,"{""link"":""https://www.flickr.com/photos/armydre2008/4079875735"",""origin"":""Flickr"",""license"":""Creative Commons - share adapt attribute"",""image_name"":""4079875735_a4dc53c290_z.jpg"",""subject_id"":9,""attribution"":""frankieleon""}","{""0"":""https://panoptes-uploads.zooniverse.org/subject_location/25c1c5ae-9770-4cc1-9695-f4bc8bb68fc7.jpeg""}",0,,,2015-05-25 21:03:07 UTC,2015-05-25 21:03:07 UTC
458030,14993,17619,92123,"{""link"":""https://www.flickr.com/photos/alishav/3278443166"",""origin"":""Flickr"",""license"":""Creative Commons - share adapt attribute"",""image_name"":""3278443166_9eecc2ca0b_z.jpg"",""subject_id"":10,""attribution"":""Alisha Vargas""}","{""0"":""https://panoptes-uploads.zooniverse.org/subject_location/54c6937f-dba0-4537-a909-f37a62a20e62.jpeg""}",0,,,2015-05-25 21:03:08 UTC,2015-05-25 21:03:08 UTC
458030,14993,17617,92123,"{""link"":""https://www.flickr.com/photos/alishav/3278443166"",""origin"":""Flickr"",""license"":""Creative Commons - share adapt attribute"",""image_name"":""3278443166_9eecc2ca0b_z.jpg"",""subject_id"":10,""attribution"":""Alisha Vargas""}","{""0"":""https://panoptes-uploads.zooniverse.org/subject_location/54c6937f-dba0-4537-a909-f37a62a20e62.jpeg""}",0,,,2015-05-25 21:03:08 UTC,2015-05-25 21:03:08 UTC
